Program,Year,Period,Week Ending,Geo Level,State,State ANSI,Ag District,Ag District Code,County,County ANSI,Zip Code,Region,watershed_code,Watershed,Commodity,Data Item,Domain,Domain Category,Value,CV (%)
CENSUS,2017,YEAR,,STATE,ALABAMA,1,,,,,,,0,,FERTILIZER & CHEMICAL TOTALS,"FERTILIZER & CHEMICAL TOTALS - EXPENSE, MEASURED IN $",TOTAL,NOT SPECIFIED,382206000,2.9
CENSUS,2017,YEAR,,STATE,ALABAMA,1,,,,,,,0,,FERTILIZER & CHEMICAL TOTALS,FERTILIZER & CHEMICAL TOTALS - OPERATIONS WITH EXPENSE,TOTAL,NOT SPECIFIED,26037,4.3
CENSUS,2017,YEAR,,STATE,ALASKA,2,,,,,,,0,,FERTILIZER & CHEMICAL TOTALS,"FERTILIZER & CHEMICAL TOTALS - EXPENSE, MEASURED IN $",TOTAL,NOT SPECIFIED,3495000,0.2
CENSUS,2017,YEAR,,STATE,ALASKA,2,,,,,,,0,,FERTILIZER & CHEMICAL TOTALS,FERTILIZER & CHEMICAL TOTALS - OPERATIONS WITH EXPENSE,TOTAL,NOT SPECIFIED,528,1.7
CENSUS,2017,YEAR,,STATE,ARIZONA,4,,,,,,,0,,FERTILIZER & CHEMICAL TOTALS,"FERTILIZER & CHEMICAL TOTALS - EXPENSE, MEASURED IN $",TOTAL,NOT SPECIFIED,385799000,5.6
CENSUS,2017,YEAR,,STATE,ARIZONA,4,,,,,,,0,,FERTILIZER & CHEMICAL TOTALS,FERTILIZER & CHEMICAL TOTALS - OPERATIONS WITH EXPENSE,TOTAL,NOT SPECIFIED,3251,56.6
CENSUS,2017,YEAR,,STATE,ARKANSAS,5,,,,,,,0,,FERTILIZER & CHEMICAL TOTALS,"FERTILIZER & CHEMICAL TOTALS - EXPENSE, MEASURED IN $",TOTAL,NOT SPECIFIED,956695000,5
CENSUS,2017,YEAR,,STATE,ARKANSAS,5,,,,,,,0,,FERTILIZER & CHEMICAL TOTALS,FERTILIZER & CHEMICAL TOTALS - OPERATIONS WITH EXPENSE,TOTAL,NOT SPECIFIED,23273,3.2
CENSUS,2017,YEAR,,STATE,CALIFORNIA,6,,,,,,,0,,FERTILIZER & CHEMICAL TOTALS,"FERTILIZER & CHEMICAL TOTALS - EXPENSE, MEASURED IN $",TOTAL,NOT SPECIFIED,4492836000,6.7
CENSUS,2017,YEAR,,STATE,CALIFORNIA,6,,,,,,,0,,FERTILIZER & CHEMICAL TOTALS,FERTILIZER & CHEMICAL TOTALS - OPERATIONS WITH EXPENSE,TOTAL,NOT SPECIFIED,44480,3.3
CENSUS,2017,YEAR,,STATE,COLORADO,8,,,,,,,0,,FERTILIZER & CHEMICAL TOTALS,"FERTILIZER & CHEMICAL TOTALS - EXPENSE, MEASURED IN $",TOTAL,NOT SPECIFIED,461042000,7.3
CENSUS,2017,YEAR,,STATE,COLORADO,8,,,,,,,0,,FERTILIZER & CHEMICAL TOTALS,FERTILIZER & CHEMICAL TOTALS - OPERATIONS WITH EXPENSE,TOTAL,NOT SPECIFIED,16373,10.3
CENSUS,2017,YEAR,,STATE,CONNECTICUT,9,,,,,,,0,,FERTILIZER & CHEMICAL TOTALS,"FERTILIZER & CHEMICAL TOTALS - EXPENSE, MEASURED IN $",TOTAL,NOT SPECIFIED,27808000,10.9
CENSUS,2017,YEAR,,STATE,CONNECTICUT,9,,,,,,,0,,FERTILIZER & CHEMICAL TOTALS,FERTILIZER & CHEMICAL TOTALS - OPERATIONS WITH EXPENSE,TOTAL,NOT SPECIFIED,2740,9.1
CENSUS,2017,YEAR,,STATE,DELAWARE,10,,,,,,,0,,FERTILIZER & CHEMICAL TOTALS,"FERTILIZER & CHEMICAL TOTALS - EXPENSE, MEASURED IN $",TOTAL,NOT SPECIFIED,76385000,7.7
CENSUS,2017,YEAR,,STATE,DELAWARE,10,,,,,,,0,,FERTILIZER & CHEMICAL TOTALS,FERTILIZER & CHEMICAL TOTALS - OPERATIONS WITH EXPENSE,TOTAL,NOT SPECIFIED,1360,9.1
CENSUS,2017,YEAR,,STATE,FLORIDA,12,,,,,,,0,,FERTILIZER & CHEMICAL TOTALS,"FERTILIZER & CHEMICAL TOTALS - EXPENSE, MEASURED IN $",TOTAL,NOT SPECIFIED,1127481000,3.9
CENSUS,2017,YEAR,,STATE,FLORIDA,12,,,,,,,0,,FERTILIZER & CHEMICAL TOTALS,FERTILIZER & CHEMICAL TOTALS - OPERATIONS WITH EXPENSE,TOTAL,NOT SPECIFIED,24922,2.3
CENSUS,2017,YEAR,,STATE,GEORGIA,13,,,,,,,0,,FERTILIZER & CHEMICAL TOTALS,"FERTILIZER & CHEMICAL TOTALS - EXPENSE, MEASURED IN $",TOTAL,NOT SPECIFIED,862698000,7
CENSUS,2017,YEAR,,STATE,GEORGIA,13,,,,,,,0,,FERTILIZER & CHEMICAL TOTALS,FERTILIZER & CHEMICAL TOTALS - OPERATIONS WITH EXPENSE,TOTAL,NOT SPECIFIED,27134,3.4
CENSUS,2017,YEAR,,STATE,HAWAII,15,,,,,,,0,,FERTILIZER & CHEMICAL TOTALS,"FERTILIZER & CHEMICAL TOTALS - EXPENSE, MEASURED IN $",TOTAL,NOT SPECIFIED,49471000,41.8
CENSUS,2017,YEAR,,STATE,HAWAII,15,,,,,,,0,,FERTILIZER & CHEMICAL TOTALS,FERTILIZER & CHEMICAL TOTALS - OPERATIONS WITH EXPENSE,TOTAL,NOT SPECIFIED,4790,13.8
CENSUS,2017,YEAR,,STATE,IDAHO,16,,,,,,,0,,FERTILIZER & CHEMICAL TOTALS,"FERTILIZER & CHEMICAL TOTALS - EXPENSE, MEASURED IN $",TOTAL,NOT SPECIFIED,793936000,36.1
CENSUS,2017,YEAR,,STATE,IDAHO,16,,,,,,,0,,FERTILIZER & CHEMICAL TOTALS,FERTILIZER & CHEMICAL TOTALS - OPERATIONS WITH EXPENSE,TOTAL,NOT SPECIFIED,14296,7.1
CENSUS,2017,YEAR,,STATE,ILLINOIS,17,,,,,,,0,,FERTILIZER & CHEMICAL TOTALS,"FERTILIZER & CHEMICAL TOTALS - EXPENSE, MEASURED IN $",TOTAL,NOT SPECIFIED,3062995000,3.3
CENSUS,2017,YEAR,,STATE,ILLINOIS,17,,,,,,,0,,FERTILIZER & CHEMICAL TOTALS,FERTILIZER & CHEMICAL TOTALS - OPERATIONS WITH EXPENSE,TOTAL,NOT SPECIFIED,48763,2
CENSUS,2017,YEAR,,STATE,INDIANA,18,,,,,,,0,,FERTILIZER & CHEMICAL TOTALS,"FERTILIZER & CHEMICAL TOTALS - EXPENSE, MEASURED IN $",TOTAL,NOT SPECIFIED,1654613000,3.5
CENSUS,2017,YEAR,,STATE,INDIANA,18,,,,,,,0,,FERTILIZER & CHEMICAL TOTALS,FERTILIZER & CHEMICAL TOTALS - OPERATIONS WITH EXPENSE,TOTAL,NOT SPECIFIED,36080,2.7
CENSUS,2017,YEAR,,STATE,IOWA,19,,,,,,,0,,FERTILIZER & CHEMICAL TOTALS,"FERTILIZER & CHEMICAL TOTALS - EXPENSE, MEASURED IN $",TOTAL,NOT SPECIFIED,3019931000,2.4
CENSUS,2017,YEAR,,STATE,IOWA,19,,,,,,,0,,FERTILIZER & CHEMICAL TOTALS,FERTILIZER & CHEMICAL TOTALS - OPERATIONS WITH EXPENSE,TOTAL,NOT SPECIFIED,58227,1.4
CENSUS,2017,YEAR,,STATE,KANSAS,20,,,,,,,0,,FERTILIZER & CHEMICAL TOTALS,"FERTILIZER & CHEMICAL TOTALS - EXPENSE, MEASURED IN $",TOTAL,NOT SPECIFIED,1828650000,4
CENSUS,2017,YEAR,,STATE,KANSAS,20,,,,,,,0,,FERTILIZER & CHEMICAL TOTALS,FERTILIZER & CHEMICAL TOTALS - OPERATIONS WITH EXPENSE,TOTAL,NOT SPECIFIED,38069,2.7
CENSUS,2017,YEAR,,STATE,KENTUCKY,21,,,,,,,0,,FERTILIZER & CHEMICAL TOTALS,"FERTILIZER & CHEMICAL TOTALS - EXPENSE, MEASURED IN $",TOTAL,NOT SPECIFIED,634779000,3.2
CENSUS,2017,YEAR,,STATE,KENTUCKY,21,,,,,,,0,,FERTILIZER & CHEMICAL TOTALS,FERTILIZER & CHEMICAL TOTALS - OPERATIONS WITH EXPENSE,TOTAL,NOT SPECIFIED,41137,2.9
CENSUS,2017,YEAR,,STATE,LOUISIANA,22,,,,,,,0,,FERTILIZER & CHEMICAL TOTALS,"FERTILIZER & CHEMICAL TOTALS - EXPENSE, MEASURED IN $",TOTAL,NOT SPECIFIED,550603000,6.2
CENSUS,2017,YEAR,,STATE,LOUISIANA,22,,,,,,,0,,FERTILIZER & CHEMICAL TOTALS,FERTILIZER & CHEMICAL TOTALS - OPERATIONS WITH EXPENSE,TOTAL,NOT SPECIFIED,15077,6.5
CENSUS,2017,YEAR,,STATE,MAINE,23,,,,,,,0,,FERTILIZER & CHEMICAL TOTALS,"FERTILIZER & CHEMICAL TOTALS - EXPENSE, MEASURED IN $",TOTAL,NOT SPECIFIED,53779000,15
CENSUS,2017,YEAR,,STATE,MAINE,23,,,,,,,0,,FERTILIZER & CHEMICAL TOTALS,FERTILIZER & CHEMICAL TOTALS - OPERATIONS WITH EXPENSE,TOTAL,NOT SPECIFIED,3706,9.4
CENSUS,2017,YEAR,,STATE,MARYLAND,24,,,,,,,0,,FERTILIZER & CHEMICAL TOTALS,"FERTILIZER & CHEMICAL TOTALS - EXPENSE, MEASURED IN $",TOTAL,NOT SPECIFIED,199049000,2.9
CENSUS,2017,YEAR,,STATE,MARYLAND,24,,,,,,,0,,FERTILIZER & CHEMICAL TOTALS,FERTILIZER & CHEMICAL TOTALS - OPERATIONS WITH EXPENSE,TOTAL,NOT SPECIFIED,7019,8.8
CENSUS,2017,YEAR,,STATE,MASSACHUSETTS,25,,,,,,,0,,FERTILIZER & CHEMICAL TOTALS,"FERTILIZER & CHEMICAL TOTALS - EXPENSE, MEASURED IN $",TOTAL,NOT SPECIFIED,34142000,13.4
CENSUS,2017,YEAR,,STATE,MASSACHUSETTS,25,,,,,,,0,,FERTILIZER & CHEMICAL TOTALS,FERTILIZER & CHEMICAL TOTALS - OPERATIONS WITH EXPENSE,TOTAL,NOT SPECIFIED,3662,9.8
CENSUS,2017,YEAR,,STATE,MICHIGAN,26,,,,,,,0,,FERTILIZER & CHEMICAL TOTALS,"FERTILIZER & CHEMICAL TOTALS - EXPENSE, MEASURED IN $",TOTAL,NOT SPECIFIED,952753000,2.3
CENSUS,2017,YEAR,,STATE,MICHIGAN,26,,,,,,,0,,FERTILIZER & CHEMICAL TOTALS,FERTILIZER & CHEMICAL TOTALS - OPERATIONS WITH EXPENSE,TOTAL,NOT SPECIFIED,26900,3.9
CENSUS,2017,YEAR,,STATE,MINNESOTA,27,,,,,,,0,,FERTILIZER & CHEMICAL TOTALS,"FERTILIZER & CHEMICAL TOTALS - EXPENSE, MEASURED IN $",TOTAL,NOT SPECIFIED,2172176000,2.1
CENSUS,2017,YEAR,,STATE,MINNESOTA,27,,,,,,,0,,FERTILIZER & CHEMICAL TOTALS,FERTILIZER & CHEMICAL TOTALS - OPERATIONS WITH EXPENSE,TOTAL,NOT SPECIFIED,43318,2.1
CENSUS,2017,YEAR,,STATE,MISSISSIPPI,28,,,,,,,0,,FERTILIZER & CHEMICAL TOTALS,"FERTILIZER & CHEMICAL TOTALS - EXPENSE, MEASURED IN $",TOTAL,NOT SPECIFIED,570802000,6.3
CENSUS,2017,YEAR,,STATE,MISSISSIPPI,28,,,,,,,0,,FERTILIZER & CHEMICAL TOTALS,FERTILIZER & CHEMICAL TOTALS - OPERATIONS WITH EXPENSE,TOTAL,NOT SPECIFIED,20593,5.9
CENSUS,2017,YEAR,,STATE,MISSOURI,29,,,,,,,0,,FERTILIZER & CHEMICAL TOTALS,"FERTILIZER & CHEMICAL TOTALS - EXPENSE, MEASURED IN $",TOTAL,NOT SPECIFIED,1455138000,3.5
CENSUS,2017,YEAR,,STATE,MISSOURI,29,,,,,,,0,,FERTILIZER & CHEMICAL TOTALS,FERTILIZER & CHEMICAL TOTALS - OPERATIONS WITH EXPENSE,TOTAL,NOT SPECIFIED,55943,2.7
CENSUS,2017,YEAR,,STATE,MONTANA,30,,,,,,,0,,FERTILIZER & CHEMICAL TOTALS,"FERTILIZER & CHEMICAL TOTALS - EXPENSE, MEASURED IN $",TOTAL,NOT SPECIFIED,561022000,4.6
CENSUS,2017,YEAR,,STATE,MONTANA,30,,,,,,,0,,FERTILIZER & CHEMICAL TOTALS,FERTILIZER & CHEMICAL TOTALS - OPERATIONS WITH EXPENSE,TOTAL,NOT SPECIFIED,13961,5.2
CENSUS,2017,YEAR,,STATE,NEBRASKA,31,,,,,,,0,,FERTILIZER & CHEMICAL TOTALS,"FERTILIZER & CHEMICAL TOTALS - EXPENSE, MEASURED IN $",TOTAL,NOT SPECIFIED,2107735000,5.7
CENSUS,2017,YEAR,,STATE,NEBRASKA,31,,,,,,,0,,FERTILIZER & CHEMICAL TOTALS,FERTILIZER & CHEMICAL TOTALS - OPERATIONS WITH EXPENSE,TOTAL,NOT SPECIFIED,31755,2.9
CENSUS,2017,YEAR,,STATE,NEVADA,32,,,,,,,0,,FERTILIZER & CHEMICAL TOTALS,"FERTILIZER & CHEMICAL TOTALS - EXPENSE, MEASURED IN $",TOTAL,NOT SPECIFIED,32985000,41
CENSUS,2017,YEAR,,STATE,NEVADA,32,,,,,,,0,,FERTILIZER & CHEMICAL TOTALS,FERTILIZER & CHEMICAL TOTALS - OPERATIONS WITH EXPENSE,TOTAL,NOT SPECIFIED,1456,6.3
CENSUS,2017,YEAR,,STATE,NEW HAMPSHIRE,33,,,,,,,0,,FERTILIZER & CHEMICAL TOTALS,"FERTILIZER & CHEMICAL TOTALS - EXPENSE, MEASURED IN $",TOTAL,NOT SPECIFIED,7444000,9
CENSUS,2017,YEAR,,STATE,NEW HAMPSHIRE,33,,,,,,,0,,FERTILIZER & CHEMICAL TOTALS,FERTILIZER & CHEMICAL TOTALS - OPERATIONS WITH EXPENSE,TOTAL,NOT SPECIFIED,2010,9.8
CENSUS,2017,YEAR,,STATE,NEW JERSEY,34,,,,,,,0,,FERTILIZER & CHEMICAL TOTALS,"FERTILIZER & CHEMICAL TOTALS - EXPENSE, MEASURED IN $",TOTAL,NOT SPECIFIED,111354000,4.8
CENSUS,2017,YEAR,,STATE,NEW JERSEY,34,,,,,,,0,,FERTILIZER & CHEMICAL TOTALS,FERTILIZER & CHEMICAL TOTALS - OPERATIONS WITH EXPENSE,TOTAL,NOT SPECIFIED,5110,9.7
CENSUS,2017,YEAR,,STATE,NEW MEXICO,35,,,,,,,0,,FERTILIZER & CHEMICAL TOTALS,"FERTILIZER & CHEMICAL TOTALS - EXPENSE, MEASURED IN $",TOTAL,NOT SPECIFIED,106882000,7.3
CENSUS,2017,YEAR,,STATE,NEW MEXICO,35,,,,,,,0,,FERTILIZER & CHEMICAL TOTALS,FERTILIZER & CHEMICAL TOTALS - OPERATIONS WITH EXPENSE,TOTAL,NOT SPECIFIED,7040,11.5
CENSUS,2017,YEAR,,STATE,NEW YORK,36,,,,,,,0,,FERTILIZER & CHEMICAL TOTALS,"FERTILIZER & CHEMICAL TOTALS - EXPENSE, MEASURED IN $",TOTAL,NOT SPECIFIED,354274000,1.9
CENSUS,2017,YEAR,,STATE,NEW YORK,36,,,,,,,0,,FERTILIZER & CHEMICAL TOTALS,FERTILIZER & CHEMICAL TOTALS - OPERATIONS WITH EXPENSE,TOTAL,NOT SPECIFIED,16485,5.1
CENSUS,2017,YEAR,,STATE,NORTH CAROLINA,37,,,,,,,0,,FERTILIZER & CHEMICAL TOTALS,"FERTILIZER & CHEMICAL TOTALS - EXPENSE, MEASURED IN $",TOTAL,NOT SPECIFIED,856971000,3.8
CENSUS,2017,YEAR,,STATE,NORTH CAROLINA,37,,,,,,,0,,FERTILIZER & CHEMICAL TOTALS,FERTILIZER & CHEMICAL TOTALS - OPERATIONS WITH EXPENSE,TOTAL,NOT SPECIFIED,30915,2.9
CENSUS,2017,YEAR,,STATE,NORTH DAKOTA,38,,,,,,,0,,FERTILIZER & CHEMICAL TOTALS,"FERTILIZER & CHEMICAL TOTALS - EXPENSE, MEASURED IN $",TOTAL,NOT SPECIFIED,1697950000,6.9
CENSUS,2017,YEAR,,STATE,NORTH DAKOTA,38,,,,,,,0,,FERTILIZER & CHEMICAL TOTALS,FERTILIZER & CHEMICAL TOTALS - OPERATIONS WITH EXPENSE,TOTAL,NOT SPECIFIED,15194,4.2
CENSUS,2017,YEAR,,STATE,OHIO,39,,,,,,,0,,FERTILIZER & CHEMICAL TOTALS,"FERTILIZER & CHEMICAL TOTALS - EXPENSE, MEASURED IN $",TOTAL,NOT SPECIFIED,1181348000,1.6
CENSUS,2017,YEAR,,STATE,OHIO,39,,,,,,,0,,FERTILIZER & CHEMICAL TOTALS,FERTILIZER & CHEMICAL TOTALS - OPERATIONS WITH EXPENSE,TOTAL,NOT SPECIFIED,45418,3
CENSUS,2017,YEAR,,STATE,OKLAHOMA,40,,,,,,,0,,FERTILIZER & CHEMICAL TOTALS,"FERTILIZER & CHEMICAL TOTALS - EXPENSE, MEASURED IN $",TOTAL,NOT SPECIFIED,528580000,2
CENSUS,2017,YEAR,,STATE,OKLAHOMA,40,,,,,,,0,,FERTILIZER & CHEMICAL TOTALS,FERTILIZER & CHEMICAL TOTALS - OPERATIONS WITH EXPENSE,TOTAL,NOT SPECIFIED,40174,3.2
CENSUS,2017,YEAR,,STATE,OREGON,41,,,,,,,0,,FERTILIZER & CHEMICAL TOTALS,"FERTILIZER & CHEMICAL TOTALS - EXPENSE, MEASURED IN $",TOTAL,NOT SPECIFIED,538063000,4.3
CENSUS,2017,YEAR,,STATE,OREGON,41,,,,,,,0,,FERTILIZER & CHEMICAL TOTALS,FERTILIZER & CHEMICAL TOTALS - OPERATIONS WITH EXPENSE,TOTAL,NOT SPECIFIED,21330,6.5
CENSUS,2017,YEAR,,STATE,PENNSYLVANIA,42,,,,,,,0,,FERTILIZER & CHEMICAL TOTALS,"FERTILIZER & CHEMICAL TOTALS - EXPENSE, MEASURED IN $",TOTAL,NOT SPECIFIED,470884000,6
CENSUS,2017,YEAR,,STATE,PENNSYLVANIA,42,,,,,,,0,,FERTILIZER & CHEMICAL TOTALS,FERTILIZER & CHEMICAL TOTALS - OPERATIONS WITH EXPENSE,TOTAL,NOT SPECIFIED,31734,2.4
CENSUS,2017,YEAR,,STATE,RHODE ISLAND,44,,,,,,,0,,FERTILIZER & CHEMICAL TOTALS,"FERTILIZER & CHEMICAL TOTALS - EXPENSE, MEASURED IN $",TOTAL,NOT SPECIFIED,4069000,3.9
CENSUS,2017,YEAR,,STATE,RHODE ISLAND,44,,,,,,,0,,FERTILIZER & CHEMICAL TOTALS,FERTILIZER & CHEMICAL TOTALS - OPERATIONS WITH EXPENSE,TOTAL,NOT SPECIFIED,591,17.7
CENSUS,2017,YEAR,,STATE,SOUTH CAROLINA,45,,,,,,,0,,FERTILIZER & CHEMICAL TOTALS,"FERTILIZER & CHEMICAL TOTALS - EXPENSE, MEASURED IN $",TOTAL,NOT SPECIFIED,288626000,15.8
CENSUS,2017,YEAR,,STATE,SOUTH CAROLINA,45,,,,,,,0,,FERTILIZER & CHEMICAL TOTALS,FERTILIZER & CHEMICAL TOTALS - OPERATIONS WITH EXPENSE,TOTAL,NOT SPECIFIED,15001,8.4
CENSUS,2017,YEAR,,STATE,SOUTH DAKOTA,46,,,,,,,0,,FERTILIZER & CHEMICAL TOTALS,"FERTILIZER & CHEMICAL TOTALS - EXPENSE, MEASURED IN $",TOTAL,NOT SPECIFIED,1333156000,4.9
CENSUS,2017,YEAR,,STATE,SOUTH DAKOTA,46,,,,,,,0,,FERTILIZER & CHEMICAL TOTALS,FERTILIZER & CHEMICAL TOTALS - OPERATIONS WITH EXPENSE,TOTAL,NOT SPECIFIED,18471,3.7
CENSUS,2017,YEAR,,STATE,TENNESSEE,47,,,,,,,0,,FERTILIZER & CHEMICAL TOTALS,"FERTILIZER & CHEMICAL TOTALS - EXPENSE, MEASURED IN $",TOTAL,NOT SPECIFIED,600159000,5.4
CENSUS,2017,YEAR,,STATE,TENNESSEE,47,,,,,,,0,,FERTILIZER & CHEMICAL TOTALS,FERTILIZER & CHEMICAL TOTALS - OPERATIONS WITH EXPENSE,TOTAL,NOT SPECIFIED,41352,2.3
CENSUS,2017,YEAR,,STATE,TEXAS,48,,,,,,,0,,FERTILIZER & CHEMICAL TOTALS,"FERTILIZER & CHEMICAL TOTALS - EXPENSE, MEASURED IN $",TOTAL,NOT SPECIFIED,1800751000,3.9
CENSUS,2017,YEAR,,STATE,TEXAS,48,,,,,,,0,,FERTILIZER & CHEMICAL TOTALS,FERTILIZER & CHEMICAL TOTALS - OPERATIONS WITH EXPENSE,TOTAL,NOT SPECIFIED,116028,3.4
CENSUS,2017,YEAR,,STATE,UTAH,49,,,,,,,0,,FERTILIZER & CHEMICAL TOTALS,"FERTILIZER & CHEMICAL TOTALS - EXPENSE, MEASURED IN $",TOTAL,NOT SPECIFIED,85023000,20.8
CENSUS,2017,YEAR,,STATE,UTAH,49,,,,,,,0,,FERTILIZER & CHEMICAL TOTALS,FERTILIZER & CHEMICAL TOTALS - OPERATIONS WITH EXPENSE,TOTAL,NOT SPECIFIED,9566,12.8
CENSUS,2017,YEAR,,STATE,VERMONT,50,,,,,,,0,,FERTILIZER & CHEMICAL TOTALS,"FERTILIZER & CHEMICAL TOTALS - EXPENSE, MEASURED IN $",TOTAL,NOT SPECIFIED,29646000,8
CENSUS,2017,YEAR,,STATE,VERMONT,50,,,,,,,0,,FERTILIZER & CHEMICAL TOTALS,FERTILIZER & CHEMICAL TOTALS - OPERATIONS WITH EXPENSE,TOTAL,NOT SPECIFIED,2711,10
CENSUS,2017,YEAR,,STATE,VIRGINIA,51,,,,,,,0,,FERTILIZER & CHEMICAL TOTALS,"FERTILIZER & CHEMICAL TOTALS - EXPENSE, MEASURED IN $",TOTAL,NOT SPECIFIED,344308000,2.5
CENSUS,2017,YEAR,,STATE,VIRGINIA,51,,,,,,,0,,FERTILIZER & CHEMICAL TOTALS,FERTILIZER & CHEMICAL TOTALS - OPERATIONS WITH EXPENSE,TOTAL,NOT SPECIFIED,25177,2.3
CENSUS,2017,YEAR,,STATE,WASHINGTON,53,,,,,,,0,,FERTILIZER & CHEMICAL TOTALS,"FERTILIZER & CHEMICAL TOTALS - EXPENSE, MEASURED IN $",TOTAL,NOT SPECIFIED,1100294000,3.1
CENSUS,2017,YEAR,,STATE,WASHINGTON,53,,,,,,,0,,FERTILIZER & CHEMICAL TOTALS,FERTILIZER & CHEMICAL TOTALS - OPERATIONS WITH EXPENSE,TOTAL,NOT SPECIFIED,18355,4.4
CENSUS,2017,YEAR,,STATE,WEST VIRGINIA,54,,,,,,,0,,FERTILIZER & CHEMICAL TOTALS,"FERTILIZER & CHEMICAL TOTALS - EXPENSE, MEASURED IN $",TOTAL,NOT SPECIFIED,31107000,3.7
CENSUS,2017,YEAR,,STATE,WEST VIRGINIA,54,,,,,,,0,,FERTILIZER & CHEMICAL TOTALS,FERTILIZER & CHEMICAL TOTALS - OPERATIONS WITH EXPENSE,TOTAL,NOT SPECIFIED,10123,7.5
CENSUS,2017,YEAR,,STATE,WISCONSIN,55,,,,,,,0,,FERTILIZER & CHEMICAL TOTALS,"FERTILIZER & CHEMICAL TOTALS - EXPENSE, MEASURED IN $",TOTAL,NOT SPECIFIED,1075050000,3.8
CENSUS,2017,YEAR,,STATE,WISCONSIN,55,,,,,,,0,,FERTILIZER & CHEMICAL TOTALS,FERTILIZER & CHEMICAL TOTALS - OPERATIONS WITH EXPENSE,TOTAL,NOT SPECIFIED,39528,3.5
CENSUS,2017,YEAR,,STATE,WYOMING,56,,,,,,,0,,FERTILIZER & CHEMICAL TOTALS,"FERTILIZER & CHEMICAL TOTALS - EXPENSE, MEASURED IN $",TOTAL,NOT SPECIFIED,71397000,8.4
CENSUS,2017,YEAR,,STATE,WYOMING,56,,,,,,,0,,FERTILIZER & CHEMICAL TOTALS,FERTILIZER & CHEMICAL TOTALS - OPERATIONS WITH EXPENSE,TOTAL,NOT SPECIFIED,4900,5.1
CENSUS,2012,YEAR,,STATE,ALABAMA,1,,,,,,,0,,FERTILIZER & CHEMICAL TOTALS,"FERTILIZER & CHEMICAL TOTALS - EXPENSE, MEASURED IN $",TOTAL,NOT SPECIFIED,387606000,2.8
CENSUS,2012,YEAR,,STATE,ALABAMA,1,,,,,,,0,,FERTILIZER & CHEMICAL TOTALS,FERTILIZER & CHEMICAL TOTALS - OPERATIONS WITH EXPENSE,TOTAL,NOT SPECIFIED,26138,3.9
CENSUS,2012,YEAR,,STATE,ALASKA,2,,,,,,,0,,FERTILIZER & CHEMICAL TOTALS,"FERTILIZER & CHEMICAL TOTALS - EXPENSE, MEASURED IN $",TOTAL,NOT SPECIFIED,3607000,1
CENSUS,2012,YEAR,,STATE,ALASKA,2,,,,,,,0,,FERTILIZER & CHEMICAL TOTALS,FERTILIZER & CHEMICAL TOTALS - OPERATIONS WITH EXPENSE,TOTAL,NOT SPECIFIED,392,4.3
CENSUS,2012,YEAR,,STATE,ARIZONA,4,,,,,,,0,,FERTILIZER & CHEMICAL TOTALS,"FERTILIZER & CHEMICAL TOTALS - EXPENSE, MEASURED IN $",TOTAL,NOT SPECIFIED,355381000,15.5
CENSUS,2012,YEAR,,STATE,ARIZONA,4,,,,,,,0,,FERTILIZER & CHEMICAL TOTALS,FERTILIZER & CHEMICAL TOTALS - OPERATIONS WITH EXPENSE,TOTAL,NOT SPECIFIED,4068,41.7
CENSUS,2012,YEAR,,STATE,ARKANSAS,5,,,,,,,0,,FERTILIZER & CHEMICAL TOTALS,"FERTILIZER & CHEMICAL TOTALS - EXPENSE, MEASURED IN $",TOTAL,NOT SPECIFIED,1134774000,1.8
CENSUS,2012,YEAR,,STATE,ARKANSAS,5,,,,,,,0,,FERTILIZER & CHEMICAL TOTALS,FERTILIZER & CHEMICAL TOTALS - OPERATIONS WITH EXPENSE,TOTAL,NOT SPECIFIED,24998,5.2
CENSUS,2012,YEAR,,STATE,CALIFORNIA,6,,,,,,,0,,FERTILIZER & CHEMICAL TOTALS,"FERTILIZER & CHEMICAL TOTALS - EXPENSE, MEASURED IN $",TOTAL,NOT SPECIFIED,3996736000,1.8
CENSUS,2012,YEAR,,STATE,CALIFORNIA,6,,,,,,,0,,FERTILIZER & CHEMICAL TOTALS,FERTILIZER & CHEMICAL TOTALS - OPERATIONS WITH EXPENSE,TOTAL,NOT SPECIFIED,49254,7.4
CENSUS,2012,YEAR,,STATE,COLORADO,8,,,,,,,0,,FERTILIZER & CHEMICAL TOTALS,"FERTILIZER & CHEMICAL TOTALS - EXPENSE, MEASURED IN $",TOTAL,NOT SPECIFIED,493805000,3.7
CENSUS,2012,YEAR,,STATE,COLORADO,8,,,,,,,0,,FERTILIZER & CHEMICAL TOTALS,FERTILIZER & CHEMICAL TOTALS - OPERATIONS WITH EXPENSE,TOTAL,NOT SPECIFIED,15273,3.2
CENSUS,2012,YEAR,,STATE,CONNECTICUT,9,,,,,,,0,,FERTILIZER & CHEMICAL TOTALS,"FERTILIZER & CHEMICAL TOTALS - EXPENSE, MEASURED IN $",TOTAL,NOT SPECIFIED,38132000,10
CENSUS,2012,YEAR,,STATE,CONNECTICUT,9,,,,,,,0,,FERTILIZER & CHEMICAL TOTALS,FERTILIZER & CHEMICAL TOTALS - OPERATIONS WITH EXPENSE,TOTAL,NOT SPECIFIED,2893,13.3
CENSUS,2012,YEAR,,STATE,DELAWARE,10,,,,,,,0,,FERTILIZER & CHEMICAL TOTALS,"FERTILIZER & CHEMICAL TOTALS - EXPENSE, MEASURED IN $",TOTAL,NOT SPECIFIED,85086000,6.5
CENSUS,2012,YEAR,,STATE,DELAWARE,10,,,,,,,0,,FERTILIZER & CHEMICAL TOTALS,FERTILIZER & CHEMICAL TOTALS - OPERATIONS WITH EXPENSE,TOTAL,NOT SPECIFIED,1451,25
CENSUS,2012,YEAR,,STATE,FLORIDA,12,,,,,,,0,,FERTILIZER & CHEMICAL TOTALS,"FERTILIZER & CHEMICAL TOTALS - EXPENSE, MEASURED IN $",TOTAL,NOT SPECIFIED,1110955000,2
CENSUS,2012,YEAR,,STATE,FLORIDA,12,,,,,,,0,,FERTILIZER & CHEMICAL TOTALS,FERTILIZER & CHEMICAL TOTALS - OPERATIONS WITH EXPENSE,TOTAL,NOT SPECIFIED,26389,10.7
CENSUS,2012,YEAR,,STATE,GEORGIA,13,,,,,,,0,,FERTILIZER & CHEMICAL TOTALS,"FERTILIZER & CHEMICAL TOTALS - EXPENSE, MEASURED IN $",TOTAL,NOT SPECIFIED,897715000,1.9
CENSUS,2012,YEAR,,STATE,GEORGIA,13,,,,,,,0,,FERTILIZER & CHEMICAL TOTALS,FERTILIZER & CHEMICAL TOTALS - OPERATIONS WITH EXPENSE,TOTAL,NOT SPECIFIED,25868,3.2
CENSUS,2012,YEAR,,STATE,HAWAII,15,,,,,,,0,,FERTILIZER & CHEMICAL TOTALS,"FERTILIZER & CHEMICAL TOTALS - EXPENSE, MEASURED IN $",TOTAL,NOT SPECIFIED,79577000,5.6
CENSUS,2012,YEAR,,STATE,HAWAII,15,,,,,,,0,,FERTILIZER & CHEMICAL TOTALS,FERTILIZER & CHEMICAL TOTALS - OPERATIONS WITH EXPENSE,TOTAL,NOT SPECIFIED,5101,11.1
CENSUS,2012,YEAR,,STATE,IDAHO,16,,,,,,,0,,FERTILIZER & CHEMICAL TOTALS,"FERTILIZER & CHEMICAL TOTALS - EXPENSE, MEASURED IN $",TOTAL,NOT SPECIFIED,860968000,2.9
CENSUS,2012,YEAR,,STATE,IDAHO,16,,,,,,,0,,FERTILIZER & CHEMICAL TOTALS,FERTILIZER & CHEMICAL TOTALS - OPERATIONS WITH EXPENSE,TOTAL,NOT SPECIFIED,14923,7.4
CENSUS,2012,YEAR,,STATE,ILLINOIS,17,,,,,,,0,,FERTILIZER & CHEMICAL TOTALS,"FERTILIZER & CHEMICAL TOTALS - EXPENSE, MEASURED IN $",TOTAL,NOT SPECIFIED,3500508000,1.5
CENSUS,2012,YEAR,,STATE,ILLINOIS,17,,,,,,,0,,FERTILIZER & CHEMICAL TOTALS,FERTILIZER & CHEMICAL TOTALS - OPERATIONS WITH EXPENSE,TOTAL,NOT SPECIFIED,49593,2.6
CENSUS,2012,YEAR,,STATE,INDIANA,18,,,,,,,0,,FERTILIZER & CHEMICAL TOTALS,"FERTILIZER & CHEMICAL TOTALS - EXPENSE, MEASURED IN $",TOTAL,NOT SPECIFIED,2008694000,1
CENSUS,2012,YEAR,,STATE,INDIANA,18,,,,,,,0,,FERTILIZER & CHEMICAL TOTALS,FERTILIZER & CHEMICAL TOTALS - OPERATIONS WITH EXPENSE,TOTAL,NOT SPECIFIED,35891,2.5
CENSUS,2012,YEAR,,STATE,IOWA,19,,,,,,,0,,FERTILIZER & CHEMICAL TOTALS,"FERTILIZER & CHEMICAL TOTALS - EXPENSE, MEASURED IN $",TOTAL,NOT SPECIFIED,3739238000,1.3
CENSUS,2012,YEAR,,STATE,IOWA,19,,,,,,,0,,FERTILIZER & CHEMICAL TOTALS,FERTILIZER & CHEMICAL TOTALS - OPERATIONS WITH EXPENSE,TOTAL,NOT SPECIFIED,60517,3.9
CENSUS,2012,YEAR,,STATE,KANSAS,20,,,,,,,0,,FERTILIZER & CHEMICAL TOTALS,"FERTILIZER & CHEMICAL TOTALS - EXPENSE, MEASURED IN $",TOTAL,NOT SPECIFIED,1883027000,5.2
CENSUS,2012,YEAR,,STATE,KANSAS,20,,,,,,,0,,FERTILIZER & CHEMICAL TOTALS,FERTILIZER & CHEMICAL TOTALS - OPERATIONS WITH EXPENSE,TOTAL,NOT SPECIFIED,40628,4.7
CENSUS,2012,YEAR,,STATE,KENTUCKY,21,,,,,,,0,,FERTILIZER & CHEMICAL TOTALS,"FERTILIZER & CHEMICAL TOTALS - EXPENSE, MEASURED IN $",TOTAL,NOT SPECIFIED,651164000,1.8
CENSUS,2012,YEAR,,STATE,KENTUCKY,21,,,,,,,0,,FERTILIZER & CHEMICAL TOTALS,FERTILIZER & CHEMICAL TOTALS - OPERATIONS WITH EXPENSE,TOTAL,NOT SPECIFIED,40686,3.4
CENSUS,2012,YEAR,,STATE,LOUISIANA,22,,,,,,,0,,FERTILIZER & CHEMICAL TOTALS,"FERTILIZER & CHEMICAL TOTALS - EXPENSE, MEASURED IN $",TOTAL,NOT SPECIFIED,595956000,4.6
CENSUS,2012,YEAR,,STATE,LOUISIANA,22,,,,,,,0,,FERTILIZER & CHEMICAL TOTALS,FERTILIZER & CHEMICAL TOTALS - OPERATIONS WITH EXPENSE,TOTAL,NOT SPECIFIED,15193,14.1
CENSUS,2012,YEAR,,STATE,MAINE,23,,,,,,,0,,FERTILIZER & CHEMICAL TOTALS,"FERTILIZER & CHEMICAL TOTALS - EXPENSE, MEASURED IN $",TOTAL,NOT SPECIFIED,68380000,8.2
CENSUS,2012,YEAR,,STATE,MAINE,23,,,,,,,0,,FERTILIZER & CHEMICAL TOTALS,FERTILIZER & CHEMICAL TOTALS - OPERATIONS WITH EXPENSE,TOTAL,NOT SPECIFIED,3979,11.6
CENSUS,2012,YEAR,,STATE,MARYLAND,24,,,,,,,0,,FERTILIZER & CHEMICAL TOTALS,"FERTILIZER & CHEMICAL TOTALS - EXPENSE, MEASURED IN $",TOTAL,NOT SPECIFIED,222355000,2.5
CENSUS,2012,YEAR,,STATE,MARYLAND,24,,,,,,,0,,FERTILIZER & CHEMICAL TOTALS,FERTILIZER & CHEMICAL TOTALS - OPERATIONS WITH EXPENSE,TOTAL,NOT SPECIFIED,7140,8.7
CENSUS,2012,YEAR,,STATE,MASSACHUSETTS,25,,,,,,,0,,FERTILIZER & CHEMICAL TOTALS,"FERTILIZER & CHEMICAL TOTALS - EXPENSE, MEASURED IN $",TOTAL,NOT SPECIFIED,35211000,5.3
CENSUS,2012,YEAR,,STATE,MASSACHUSETTS,25,,,,,,,0,,FERTILIZER & CHEMICAL TOTALS,FERTILIZER & CHEMICAL TOTALS - OPERATIONS WITH EXPENSE,TOTAL,NOT SPECIFIED,3780,12
CENSUS,2012,YEAR,,STATE,MICHIGAN,26,,,,,,,0,,FERTILIZER & CHEMICAL TOTALS,"FERTILIZER & CHEMICAL TOTALS - EXPENSE, MEASURED IN $",TOTAL,NOT SPECIFIED,1147605000,1.6
CENSUS,2012,YEAR,,STATE,MICHIGAN,26,,,,,,,0,,FERTILIZER & CHEMICAL TOTALS,FERTILIZER & CHEMICAL TOTALS - OPERATIONS WITH EXPENSE,TOTAL,NOT SPECIFIED,28788,3.7
CENSUS,2012,YEAR,,STATE,MINNESOTA,27,,,,,,,0,,FERTILIZER & CHEMICAL TOTALS,"FERTILIZER & CHEMICAL TOTALS - EXPENSE, MEASURED IN $",TOTAL,NOT SPECIFIED,2750748000,1.7
CENSUS,2012,YEAR,,STATE,MINNESOTA,27,,,,,,,0,,FERTILIZER & CHEMICAL TOTALS,FERTILIZER & CHEMICAL TOTALS - OPERATIONS WITH EXPENSE,TOTAL,NOT SPECIFIED,47782,3.3
CENSUS,2012,YEAR,,STATE,MISSISSIPPI,28,,,,,,,0,,FERTILIZER & CHEMICAL TOTALS,"FERTILIZER & CHEMICAL TOTALS - EXPENSE, MEASURED IN $",TOTAL,NOT SPECIFIED,672192000,1.4
CENSUS,2012,YEAR,,STATE,MISSISSIPPI,28,,,,,,,0,,FERTILIZER & CHEMICAL TOTALS,FERTILIZER & CHEMICAL TOTALS - OPERATIONS WITH EXPENSE,TOTAL,NOT SPECIFIED,20954,3.4
CENSUS,2012,YEAR,,STATE,MISSOURI,29,,,,,,,0,,FERTILIZER & CHEMICAL TOTALS,"FERTILIZER & CHEMICAL TOTALS - EXPENSE, MEASURED IN $",TOTAL,NOT SPECIFIED,1439943000,0.9
CENSUS,2012,YEAR,,STATE,MISSOURI,29,,,,,,,0,,FERTILIZER & CHEMICAL TOTALS,FERTILIZER & CHEMICAL TOTALS - OPERATIONS WITH EXPENSE,TOTAL,NOT SPECIFIED,56820,1.5
CENSUS,2012,YEAR,,STATE,MONTANA,30,,,,,,,0,,FERTILIZER & CHEMICAL TOTALS,"FERTILIZER & CHEMICAL TOTALS - EXPENSE, MEASURED IN $",TOTAL,NOT SPECIFIED,623681000,2.1
CENSUS,2012,YEAR,,STATE,MONTANA,30,,,,,,,0,,FERTILIZER & CHEMICAL TOTALS,FERTILIZER & CHEMICAL TOTALS - OPERATIONS WITH EXPENSE,TOTAL,NOT SPECIFIED,13785,5
CENSUS,2012,YEAR,,STATE,NEBRASKA,31,,,,,,,0,,FERTILIZER & CHEMICAL TOTALS,"FERTILIZER & CHEMICAL TOTALS - EXPENSE, MEASURED IN $",TOTAL,NOT SPECIFIED,2366619000,3.7
CENSUS,2012,YEAR,,STATE,NEBRASKA,31,,,,,,,0,,FERTILIZER & CHEMICAL TOTALS,FERTILIZER & CHEMICAL TOTALS - OPERATIONS WITH EXPENSE,TOTAL,NOT SPECIFIED,33705,3.6
CENSUS,2012,YEAR,,STATE,NEVADA,32,,,,,,,0,,FERTILIZER & CHEMICAL TOTALS,"FERTILIZER & CHEMICAL TOTALS - EXPENSE, MEASURED IN $",TOTAL,NOT SPECIFIED,45665000,32.1
CENSUS,2012,YEAR,,STATE,NEVADA,32,,,,,,,0,,FERTILIZER & CHEMICAL TOTALS,FERTILIZER & CHEMICAL TOTALS - OPERATIONS WITH EXPENSE,TOTAL,NOT SPECIFIED,1620,35.5
CENSUS,2012,YEAR,,STATE,NEW HAMPSHIRE,33,,,,,,,0,,FERTILIZER & CHEMICAL TOTALS,"FERTILIZER & CHEMICAL TOTALS - EXPENSE, MEASURED IN $",TOTAL,NOT SPECIFIED,8543000,5.6
CENSUS,2012,YEAR,,STATE,NEW HAMPSHIRE,33,,,,,,,0,,FERTILIZER & CHEMICAL TOTALS,FERTILIZER & CHEMICAL TOTALS - OPERATIONS WITH EXPENSE,TOTAL,NOT SPECIFIED,1994,11.4
CENSUS,2012,YEAR,,STATE,NEW JERSEY,34,,,,,,,0,,FERTILIZER & CHEMICAL TOTALS,"FERTILIZER & CHEMICAL TOTALS - EXPENSE, MEASURED IN $",TOTAL,NOT SPECIFIED,103707000,1.3
CENSUS,2012,YEAR,,STATE,NEW JERSEY,34,,,,,,,0,,FERTILIZER & CHEMICAL TOTALS,FERTILIZER & CHEMICAL TOTALS - OPERATIONS WITH EXPENSE,TOTAL,NOT SPECIFIED,5157,3.1
CENSUS,2012,YEAR,,STATE,NEW MEXICO,35,,,,,,,0,,FERTILIZER & CHEMICAL TOTALS,"FERTILIZER & CHEMICAL TOTALS - EXPENSE, MEASURED IN $",TOTAL,NOT SPECIFIED,106524000,5.7
CENSUS,2012,YEAR,,STATE,NEW MEXICO,35,,,,,,,0,,FERTILIZER & CHEMICAL TOTALS,FERTILIZER & CHEMICAL TOTALS - OPERATIONS WITH EXPENSE,TOTAL,NOT SPECIFIED,7943,13.8
CENSUS,2012,YEAR,,STATE,NEW YORK,36,,,,,,,0,,FERTILIZER & CHEMICAL TOTALS,"FERTILIZER & CHEMICAL TOTALS - EXPENSE, MEASURED IN $",TOTAL,NOT SPECIFIED,416356000,2.9
CENSUS,2012,YEAR,,STATE,NEW YORK,36,,,,,,,0,,FERTILIZER & CHEMICAL TOTALS,FERTILIZER & CHEMICAL TOTALS - OPERATIONS WITH EXPENSE,TOTAL,NOT SPECIFIED,17958,8
CENSUS,2012,YEAR,,STATE,NORTH CAROLINA,37,,,,,,,0,,FERTILIZER & CHEMICAL TOTALS,"FERTILIZER & CHEMICAL TOTALS - EXPENSE, MEASURED IN $",TOTAL,NOT SPECIFIED,972495000,2.4
CENSUS,2012,YEAR,,STATE,NORTH CAROLINA,37,,,,,,,0,,FERTILIZER & CHEMICAL TOTALS,FERTILIZER & CHEMICAL TOTALS - OPERATIONS WITH EXPENSE,TOTAL,NOT SPECIFIED,33146,8
CENSUS,2012,YEAR,,STATE,NORTH DAKOTA,38,,,,,,,0,,FERTILIZER & CHEMICAL TOTALS,"FERTILIZER & CHEMICAL TOTALS - EXPENSE, MEASURED IN $",TOTAL,NOT SPECIFIED,2055762000,1.7
CENSUS,2012,YEAR,,STATE,NORTH DAKOTA,38,,,,,,,0,,FERTILIZER & CHEMICAL TOTALS,FERTILIZER & CHEMICAL TOTALS - OPERATIONS WITH EXPENSE,TOTAL,NOT SPECIFIED,17071,5.8
CENSUS,2012,YEAR,,STATE,OHIO,39,,,,,,,0,,FERTILIZER & CHEMICAL TOTALS,"FERTILIZER & CHEMICAL TOTALS - EXPENSE, MEASURED IN $",TOTAL,NOT SPECIFIED,1483642000,2.4
CENSUS,2012,YEAR,,STATE,OHIO,39,,,,,,,0,,FERTILIZER & CHEMICAL TOTALS,FERTILIZER & CHEMICAL TOTALS - OPERATIONS WITH EXPENSE,TOTAL,NOT SPECIFIED,44071,4.9
CENSUS,2012,YEAR,,STATE,OKLAHOMA,40,,,,,,,0,,FERTILIZER & CHEMICAL TOTALS,"FERTILIZER & CHEMICAL TOTALS - EXPENSE, MEASURED IN $",TOTAL,NOT SPECIFIED,522156000,5.1
CENSUS,2012,YEAR,,STATE,OKLAHOMA,40,,,,,,,0,,FERTILIZER & CHEMICAL TOTALS,FERTILIZER & CHEMICAL TOTALS - OPERATIONS WITH EXPENSE,TOTAL,NOT SPECIFIED,40042,3
CENSUS,2012,YEAR,,STATE,OREGON,41,,,,,,,0,,FERTILIZER & CHEMICAL TOTALS,"FERTILIZER & CHEMICAL TOTALS - EXPENSE, MEASURED IN $",TOTAL,NOT SPECIFIED,548051000,1.6
CENSUS,2012,YEAR,,STATE,OREGON,41,,,,,,,0,,FERTILIZER & CHEMICAL TOTALS,FERTILIZER & CHEMICAL TOTALS - OPERATIONS WITH EXPENSE,TOTAL,NOT SPECIFIED,20807,3.7
CENSUS,2012,YEAR,,STATE,PENNSYLVANIA,42,,,,,,,0,,FERTILIZER & CHEMICAL TOTALS,"FERTILIZER & CHEMICAL TOTALS - EXPENSE, MEASURED IN $",TOTAL,NOT SPECIFIED,507909000,1.6
CENSUS,2012,YEAR,,STATE,PENNSYLVANIA,42,,,,,,,0,,FERTILIZER & CHEMICAL TOTALS,FERTILIZER & CHEMICAL TOTALS - OPERATIONS WITH EXPENSE,TOTAL,NOT SPECIFIED,34088,2.9
CENSUS,2012,YEAR,,STATE,RHODE ISLAND,44,,,,,,,0,,FERTILIZER & CHEMICAL TOTALS,"FERTILIZER & CHEMICAL TOTALS - EXPENSE, MEASURED IN $",TOTAL,NOT SPECIFIED,4720000,6.4
CENSUS,2012,YEAR,,STATE,RHODE ISLAND,44,,,,,,,0,,FERTILIZER & CHEMICAL TOTALS,FERTILIZER & CHEMICAL TOTALS - OPERATIONS WITH EXPENSE,TOTAL,NOT SPECIFIED,728,17.4
CENSUS,2012,YEAR,,STATE,SOUTH CAROLINA,45,,,,,,,0,,FERTILIZER & CHEMICAL TOTALS,"FERTILIZER & CHEMICAL TOTALS - EXPENSE, MEASURED IN $",TOTAL,NOT SPECIFIED,342664000,3
CENSUS,2012,YEAR,,STATE,SOUTH CAROLINA,45,,,,,,,0,,FERTILIZER & CHEMICAL TOTALS,FERTILIZER & CHEMICAL TOTALS - OPERATIONS WITH EXPENSE,TOTAL,NOT SPECIFIED,14356,6.4
CENSUS,2012,YEAR,,STATE,SOUTH DAKOTA,46,,,,,,,0,,FERTILIZER & CHEMICAL TOTALS,"FERTILIZER & CHEMICAL TOTALS - EXPENSE, MEASURED IN $",TOTAL,NOT SPECIFIED,1474299000,2.6
CENSUS,2012,YEAR,,STATE,SOUTH DAKOTA,46,,,,,,,0,,FERTILIZER & CHEMICAL TOTALS,FERTILIZER & CHEMICAL TOTALS - OPERATIONS WITH EXPENSE,TOTAL,NOT SPECIFIED,19717,4.2
CENSUS,2012,YEAR,,STATE,TENNESSEE,47,,,,,,,0,,FERTILIZER & CHEMICAL TOTALS,"FERTILIZER & CHEMICAL TOTALS - EXPENSE, MEASURED IN $",TOTAL,NOT SPECIFIED,608305000,3.4
CENSUS,2012,YEAR,,STATE,TENNESSEE,47,,,,,,,0,,FERTILIZER & CHEMICAL TOTALS,FERTILIZER & CHEMICAL TOTALS - OPERATIONS WITH EXPENSE,TOTAL,NOT SPECIFIED,38411,2
CENSUS,2012,YEAR,,STATE,TEXAS,48,,,,,,,0,,FERTILIZER & CHEMICAL TOTALS,"FERTILIZER & CHEMICAL TOTALS - EXPENSE, MEASURED IN $",TOTAL,NOT SPECIFIED,1785967000,3.4
CENSUS,2012,YEAR,,STATE,TEXAS,48,,,,,,,0,,FERTILIZER & CHEMICAL TOTALS,FERTILIZER & CHEMICAL TOTALS - OPERATIONS WITH EXPENSE,TOTAL,NOT SPECIFIED,120232,2.7
CENSUS,2012,YEAR,,STATE,UTAH,49,,,,,,,0,,FERTILIZER & CHEMICAL TOTALS,"FERTILIZER & CHEMICAL TOTALS - EXPENSE, MEASURED IN $",TOTAL,NOT SPECIFIED,81337000,4.4
CENSUS,2012,YEAR,,STATE,UTAH,49,,,,,,,0,,FERTILIZER & CHEMICAL TOTALS,FERTILIZER & CHEMICAL TOTALS - OPERATIONS WITH EXPENSE,TOTAL,NOT SPECIFIED,9247,9.3
CENSUS,2012,YEAR,,STATE,VERMONT,50,,,,,,,0,,FERTILIZER & CHEMICAL TOTALS,"FERTILIZER & CHEMICAL TOTALS - EXPENSE, MEASURED IN $",TOTAL,NOT SPECIFIED,31081000,3.7
CENSUS,2012,YEAR,,STATE,VERMONT,50,,,,,,,0,,FERTILIZER & CHEMICAL TOTALS,FERTILIZER & CHEMICAL TOTALS - OPERATIONS WITH EXPENSE,TOTAL,NOT SPECIFIED,2982,11
CENSUS,2012,YEAR,,STATE,VIRGINIA,51,,,,,,,0,,FERTILIZER & CHEMICAL TOTALS,"FERTILIZER & CHEMICAL TOTALS - EXPENSE, MEASURED IN $",TOTAL,NOT SPECIFIED,351709000,0.9
CENSUS,2012,YEAR,,STATE,VIRGINIA,51,,,,,,,0,,FERTILIZER & CHEMICAL TOTALS,FERTILIZER & CHEMICAL TOTALS - OPERATIONS WITH EXPENSE,TOTAL,NOT SPECIFIED,26232,1.6
CENSUS,2012,YEAR,,STATE,WASHINGTON,53,,,,,,,0,,FERTILIZER & CHEMICAL TOTALS,"FERTILIZER & CHEMICAL TOTALS - EXPENSE, MEASURED IN $",TOTAL,NOT SPECIFIED,1017253000,4.5
CENSUS,2012,YEAR,,STATE,WASHINGTON,53,,,,,,,0,,FERTILIZER & CHEMICAL TOTALS,FERTILIZER & CHEMICAL TOTALS - OPERATIONS WITH EXPENSE,TOTAL,NOT SPECIFIED,19118,7.9
CENSUS,2012,YEAR,,STATE,WEST VIRGINIA,54,,,,,,,0,,FERTILIZER & CHEMICAL TOTALS,"FERTILIZER & CHEMICAL TOTALS - EXPENSE, MEASURED IN $",TOTAL,NOT SPECIFIED,30606000,2.9
CENSUS,2012,YEAR,,STATE,WEST VIRGINIA,54,,,,,,,0,,FERTILIZER & CHEMICAL TOTALS,FERTILIZER & CHEMICAL TOTALS - OPERATIONS WITH EXPENSE,TOTAL,NOT SPECIFIED,9402,4.5
CENSUS,2012,YEAR,,STATE,WISCONSIN,55,,,,,,,0,,FERTILIZER & CHEMICAL TOTALS,"FERTILIZER & CHEMICAL TOTALS - EXPENSE, MEASURED IN $",TOTAL,NOT SPECIFIED,1263697000,1
CENSUS,2012,YEAR,,STATE,WISCONSIN,55,,,,,,,0,,FERTILIZER & CHEMICAL TOTALS,FERTILIZER & CHEMICAL TOTALS - OPERATIONS WITH EXPENSE,TOTAL,NOT SPECIFIED,42465,2.6
CENSUS,2012,YEAR,,STATE,WYOMING,56,,,,,,,0,,FERTILIZER & CHEMICAL TOTALS,"FERTILIZER & CHEMICAL TOTALS - EXPENSE, MEASURED IN $",TOTAL,NOT SPECIFIED,80441000,6.2
CENSUS,2012,YEAR,,STATE,WYOMING,56,,,,,,,0,,FERTILIZER & CHEMICAL TOTALS,FERTILIZER & CHEMICAL TOTALS - OPERATIONS WITH EXPENSE,TOTAL,NOT SPECIFIED,4670,13.6
CENSUS,2007,YEAR,,STATE,ALABAMA,1,,,,,,,0,,FERTILIZER & CHEMICAL TOTALS,"FERTILIZER & CHEMICAL TOTALS - EXPENSE, MEASURED IN $",TOTAL,NOT SPECIFIED,253332000,
CENSUS,2007,YEAR,,STATE,ALABAMA,1,,,,,,,0,,FERTILIZER & CHEMICAL TOTALS,FERTILIZER & CHEMICAL TOTALS - OPERATIONS WITH EXPENSE,TOTAL,NOT SPECIFIED,29961,
CENSUS,2007,YEAR,,STATE,ALASKA,2,,,,,,,0,,FERTILIZER & CHEMICAL TOTALS,"FERTILIZER & CHEMICAL TOTALS - EXPENSE, MEASURED IN $",TOTAL,NOT SPECIFIED,2617000,
CENSUS,2007,YEAR,,STATE,ALASKA,2,,,,,,,0,,FERTILIZER & CHEMICAL TOTALS,FERTILIZER & CHEMICAL TOTALS - OPERATIONS WITH EXPENSE,TOTAL,NOT SPECIFIED,410,
CENSUS,2007,YEAR,,STATE,ARIZONA,4,,,,,,,0,,FERTILIZER & CHEMICAL TOTALS,"FERTILIZER & CHEMICAL TOTALS - EXPENSE, MEASURED IN $",TOTAL,NOT SPECIFIED,298584000,
CENSUS,2007,YEAR,,STATE,ARIZONA,4,,,,,,,0,,FERTILIZER & CHEMICAL TOTALS,FERTILIZER & CHEMICAL TOTALS - OPERATIONS WITH EXPENSE,TOTAL,NOT SPECIFIED,3962,
CENSUS,2007,YEAR,,STATE,ARKANSAS,5,,,,,,,0,,FERTILIZER & CHEMICAL TOTALS,"FERTILIZER & CHEMICAL TOTALS - EXPENSE, MEASURED IN $",TOTAL,NOT SPECIFIED,764752000,
CENSUS,2007,YEAR,,STATE,ARKANSAS,5,,,,,,,0,,FERTILIZER & CHEMICAL TOTALS,FERTILIZER & CHEMICAL TOTALS - OPERATIONS WITH EXPENSE,TOTAL,NOT SPECIFIED,27470,
CENSUS,2007,YEAR,,STATE,CALIFORNIA,6,,,,,,,0,,FERTILIZER & CHEMICAL TOTALS,"FERTILIZER & CHEMICAL TOTALS - EXPENSE, MEASURED IN $",TOTAL,NOT SPECIFIED,2683307000,
CENSUS,2007,YEAR,,STATE,CALIFORNIA,6,,,,,,,0,,FERTILIZER & CHEMICAL TOTALS,FERTILIZER & CHEMICAL TOTALS - OPERATIONS WITH EXPENSE,TOTAL,NOT SPECIFIED,55697,
CENSUS,2007,YEAR,,STATE,COLORADO,8,,,,,,,0,,FERTILIZER & CHEMICAL TOTALS,"FERTILIZER & CHEMICAL TOTALS - EXPENSE, MEASURED IN $",TOTAL,NOT SPECIFIED,303375000,
CENSUS,2007,YEAR,,STATE,COLORADO,8,,,,,,,0,,FERTILIZER & CHEMICAL TOTALS,FERTILIZER & CHEMICAL TOTALS - OPERATIONS WITH EXPENSE,TOTAL,NOT SPECIFIED,15692,
CENSUS,2007,YEAR,,STATE,CONNECTICUT,9,,,,,,,0,,FERTILIZER & CHEMICAL TOTALS,"FERTILIZER & CHEMICAL TOTALS - EXPENSE, MEASURED IN $",TOTAL,NOT SPECIFIED,22853000,
CENSUS,2007,YEAR,,STATE,CONNECTICUT,9,,,,,,,0,,FERTILIZER & CHEMICAL TOTALS,FERTILIZER & CHEMICAL TOTALS - OPERATIONS WITH EXPENSE,TOTAL,NOT SPECIFIED,2958,
CENSUS,2007,YEAR,,STATE,DELAWARE,10,,,,,,,0,,FERTILIZER & CHEMICAL TOTALS,"FERTILIZER & CHEMICAL TOTALS - EXPENSE, MEASURED IN $",TOTAL,NOT SPECIFIED,58812000,
CENSUS,2007,YEAR,,STATE,DELAWARE,10,,,,,,,0,,FERTILIZER & CHEMICAL TOTALS,FERTILIZER & CHEMICAL TOTALS - OPERATIONS WITH EXPENSE,TOTAL,NOT SPECIFIED,1697,
CENSUS,2007,YEAR,,STATE,FLORIDA,12,,,,,,,0,,FERTILIZER & CHEMICAL TOTALS,"FERTILIZER & CHEMICAL TOTALS - EXPENSE, MEASURED IN $",TOTAL,NOT SPECIFIED,815844000,
CENSUS,2007,YEAR,,STATE,FLORIDA,12,,,,,,,0,,FERTILIZER & CHEMICAL TOTALS,FERTILIZER & CHEMICAL TOTALS - OPERATIONS WITH EXPENSE,TOTAL,NOT SPECIFIED,29349,
CENSUS,2007,YEAR,,STATE,GEORGIA,13,,,,,,,0,,FERTILIZER & CHEMICAL TOTALS,"FERTILIZER & CHEMICAL TOTALS - EXPENSE, MEASURED IN $",TOTAL,NOT SPECIFIED,603986000,
CENSUS,2007,YEAR,,STATE,GEORGIA,13,,,,,,,0,,FERTILIZER & CHEMICAL TOTALS,FERTILIZER & CHEMICAL TOTALS - OPERATIONS WITH EXPENSE,TOTAL,NOT SPECIFIED,29416,
CENSUS,2007,YEAR,,STATE,HAWAII,15,,,,,,,0,,FERTILIZER & CHEMICAL TOTALS,"FERTILIZER & CHEMICAL TOTALS - EXPENSE, MEASURED IN $",TOTAL,NOT SPECIFIED,47046000,
CENSUS,2007,YEAR,,STATE,HAWAII,15,,,,,,,0,,FERTILIZER & CHEMICAL TOTALS,FERTILIZER & CHEMICAL TOTALS - OPERATIONS WITH EXPENSE,TOTAL,NOT SPECIFIED,6158,
CENSUS,2007,YEAR,,STATE,IDAHO,16,,,,,,,0,,FERTILIZER & CHEMICAL TOTALS,"FERTILIZER & CHEMICAL TOTALS - EXPENSE, MEASURED IN $",TOTAL,NOT SPECIFIED,530267000,
CENSUS,2007,YEAR,,STATE,IDAHO,16,,,,,,,0,,FERTILIZER & CHEMICAL TOTALS,FERTILIZER & CHEMICAL TOTALS - OPERATIONS WITH EXPENSE,TOTAL,NOT SPECIFIED,14344,
CENSUS,2007,YEAR,,STATE,ILLINOIS,17,,,,,,,0,,FERTILIZER & CHEMICAL TOTALS,"FERTILIZER & CHEMICAL TOTALS - EXPENSE, MEASURED IN $",TOTAL,NOT SPECIFIED,2212364000,
CENSUS,2007,YEAR,,STATE,ILLINOIS,17,,,,,,,0,,FERTILIZER & CHEMICAL TOTALS,FERTILIZER & CHEMICAL TOTALS - OPERATIONS WITH EXPENSE,TOTAL,NOT SPECIFIED,52889,
CENSUS,2007,YEAR,,STATE,INDIANA,18,,,,,,,0,,FERTILIZER & CHEMICAL TOTALS,"FERTILIZER & CHEMICAL TOTALS - EXPENSE, MEASURED IN $",TOTAL,NOT SPECIFIED,1262009000,
CENSUS,2007,YEAR,,STATE,INDIANA,18,,,,,,,0,,FERTILIZER & CHEMICAL TOTALS,FERTILIZER & CHEMICAL TOTALS - OPERATIONS WITH EXPENSE,TOTAL,NOT SPECIFIED,39337,
CENSUS,2007,YEAR,,STATE,IOWA,19,,,,,,,0,,FERTILIZER & CHEMICAL TOTALS,"FERTILIZER & CHEMICAL TOTALS - EXPENSE, MEASURED IN $",TOTAL,NOT SPECIFIED,1962936000,
CENSUS,2007,YEAR,,STATE,IOWA,19,,,,,,,0,,FERTILIZER & CHEMICAL TOTALS,FERTILIZER & CHEMICAL TOTALS - OPERATIONS WITH EXPENSE,TOTAL,NOT SPECIFIED,63467,
CENSUS,2007,YEAR,,STATE,KANSAS,20,,,,,,,0,,FERTILIZER & CHEMICAL TOTALS,"FERTILIZER & CHEMICAL TOTALS - EXPENSE, MEASURED IN $",TOTAL,NOT SPECIFIED,1198722000,
CENSUS,2007,YEAR,,STATE,KANSAS,20,,,,,,,0,,FERTILIZER & CHEMICAL TOTALS,FERTILIZER & CHEMICAL TOTALS - OPERATIONS WITH EXPENSE,TOTAL,NOT SPECIFIED,43554,
CENSUS,2007,YEAR,,STATE,KENTUCKY,21,,,,,,,0,,FERTILIZER & CHEMICAL TOTALS,"FERTILIZER & CHEMICAL TOTALS - EXPENSE, MEASURED IN $",TOTAL,NOT SPECIFIED,409518000,
CENSUS,2007,YEAR,,STATE,KENTUCKY,21,,,,,,,0,,FERTILIZER & CHEMICAL TOTALS,FERTILIZER & CHEMICAL TOTALS - OPERATIONS WITH EXPENSE,TOTAL,NOT SPECIFIED,48129,
CENSUS,2007,YEAR,,STATE,LOUISIANA,22,,,,,,,0,,FERTILIZER & CHEMICAL TOTALS,"FERTILIZER & CHEMICAL TOTALS - EXPENSE, MEASURED IN $",TOTAL,NOT SPECIFIED,407822000,
CENSUS,2007,YEAR,,STATE,LOUISIANA,22,,,,,,,0,,FERTILIZER & CHEMICAL TOTALS,FERTILIZER & CHEMICAL TOTALS - OPERATIONS WITH EXPENSE,TOTAL,NOT SPECIFIED,16621,
CENSUS,2007,YEAR,,STATE,MAINE,23,,,,,,,0,,FERTILIZER & CHEMICAL TOTALS,"FERTILIZER & CHEMICAL TOTALS - EXPENSE, MEASURED IN $",TOTAL,NOT SPECIFIED,44636000,
CENSUS,2007,YEAR,,STATE,MAINE,23,,,,,,,0,,FERTILIZER & CHEMICAL TOTALS,FERTILIZER & CHEMICAL TOTALS - OPERATIONS WITH EXPENSE,TOTAL,NOT SPECIFIED,3673,
CENSUS,2007,YEAR,,STATE,MARYLAND,24,,,,,,,0,,FERTILIZER & CHEMICAL TOTALS,"FERTILIZER & CHEMICAL TOTALS - EXPENSE, MEASURED IN $",TOTAL,NOT SPECIFIED,149165000,
CENSUS,2007,YEAR,,STATE,MARYLAND,24,,,,,,,0,,FERTILIZER & CHEMICAL TOTALS,FERTILIZER & CHEMICAL TOTALS - OPERATIONS WITH EXPENSE,TOTAL,NOT SPECIFIED,8103,
CENSUS,2007,YEAR,,STATE,MASSACHUSETTS,25,,,,,,,0,,FERTILIZER & CHEMICAL TOTALS,"FERTILIZER & CHEMICAL TOTALS - EXPENSE, MEASURED IN $",TOTAL,NOT SPECIFIED,27278000,
CENSUS,2007,YEAR,,STATE,MASSACHUSETTS,25,,,,,,,0,,FERTILIZER & CHEMICAL TOTALS,FERTILIZER & CHEMICAL TOTALS - OPERATIONS WITH EXPENSE,TOTAL,NOT SPECIFIED,4200,
CENSUS,2007,YEAR,,STATE,MICHIGAN,26,,,,,,,0,,FERTILIZER & CHEMICAL TOTALS,"FERTILIZER & CHEMICAL TOTALS - EXPENSE, MEASURED IN $",TOTAL,NOT SPECIFIED,682897000,
CENSUS,2007,YEAR,,STATE,MICHIGAN,26,,,,,,,0,,FERTILIZER & CHEMICAL TOTALS,FERTILIZER & CHEMICAL TOTALS - OPERATIONS WITH EXPENSE,TOTAL,NOT SPECIFIED,31638,
CENSUS,2007,YEAR,,STATE,MINNESOTA,27,,,,,,,0,,FERTILIZER & CHEMICAL TOTALS,"FERTILIZER & CHEMICAL TOTALS - EXPENSE, MEASURED IN $",TOTAL,NOT SPECIFIED,1449073000,
CENSUS,2007,YEAR,,STATE,MINNESOTA,27,,,,,,,0,,FERTILIZER & CHEMICAL TOTALS,FERTILIZER & CHEMICAL TOTALS - OPERATIONS WITH EXPENSE,TOTAL,NOT SPECIFIED,49874,
CENSUS,2007,YEAR,,STATE,MISSISSIPPI,28,,,,,,,0,,FERTILIZER & CHEMICAL TOTALS,"FERTILIZER & CHEMICAL TOTALS - EXPENSE, MEASURED IN $",TOTAL,NOT SPECIFIED,483756000,
CENSUS,2007,YEAR,,STATE,MISSISSIPPI,28,,,,,,,0,,FERTILIZER & CHEMICAL TOTALS,FERTILIZER & CHEMICAL TOTALS - OPERATIONS WITH EXPENSE,TOTAL,NOT SPECIFIED,23353,
CENSUS,2007,YEAR,,STATE,MISSOURI,29,,,,,,,0,,FERTILIZER & CHEMICAL TOTALS,"FERTILIZER & CHEMICAL TOTALS - EXPENSE, MEASURED IN $",TOTAL,NOT SPECIFIED,922014000,
CENSUS,2007,YEAR,,STATE,MISSOURI,29,,,,,,,0,,FERTILIZER & CHEMICAL TOTALS,FERTILIZER & CHEMICAL TOTALS - OPERATIONS WITH EXPENSE,TOTAL,NOT SPECIFIED,63008,
CENSUS,2007,YEAR,,STATE,MONTANA,30,,,,,,,0,,FERTILIZER & CHEMICAL TOTALS,"FERTILIZER & CHEMICAL TOTALS - EXPENSE, MEASURED IN $",TOTAL,NOT SPECIFIED,345838000,
CENSUS,2007,YEAR,,STATE,MONTANA,30,,,,,,,0,,FERTILIZER & CHEMICAL TOTALS,FERTILIZER & CHEMICAL TOTALS - OPERATIONS WITH EXPENSE,TOTAL,NOT SPECIFIED,14467,
CENSUS,2007,YEAR,,STATE,NEBRASKA,31,,,,,,,0,,FERTILIZER & CHEMICAL TOTALS,"FERTILIZER & CHEMICAL TOTALS - EXPENSE, MEASURED IN $",TOTAL,NOT SPECIFIED,1318898000,
CENSUS,2007,YEAR,,STATE,NEBRASKA,31,,,,,,,0,,FERTILIZER & CHEMICAL TOTALS,FERTILIZER & CHEMICAL TOTALS - OPERATIONS WITH EXPENSE,TOTAL,NOT SPECIFIED,33377,
CENSUS,2007,YEAR,,STATE,NEVADA,32,,,,,,,0,,FERTILIZER & CHEMICAL TOTALS,"FERTILIZER & CHEMICAL TOTALS - EXPENSE, MEASURED IN $",TOTAL,NOT SPECIFIED,32752000,
CENSUS,2007,YEAR,,STATE,NEVADA,32,,,,,,,0,,FERTILIZER & CHEMICAL TOTALS,FERTILIZER & CHEMICAL TOTALS - OPERATIONS WITH EXPENSE,TOTAL,NOT SPECIFIED,1158,
CENSUS,2007,YEAR,,STATE,NEW HAMPSHIRE,33,,,,,,,0,,FERTILIZER & CHEMICAL TOTALS,"FERTILIZER & CHEMICAL TOTALS - EXPENSE, MEASURED IN $",TOTAL,NOT SPECIFIED,6994000,
CENSUS,2007,YEAR,,STATE,NEW HAMPSHIRE,33,,,,,,,0,,FERTILIZER & CHEMICAL TOTALS,FERTILIZER & CHEMICAL TOTALS - OPERATIONS WITH EXPENSE,TOTAL,NOT SPECIFIED,1994,
CENSUS,2007,YEAR,,STATE,NEW JERSEY,34,,,,,,,0,,FERTILIZER & CHEMICAL TOTALS,"FERTILIZER & CHEMICAL TOTALS - EXPENSE, MEASURED IN $",TOTAL,NOT SPECIFIED,72180000,
CENSUS,2007,YEAR,,STATE,NEW JERSEY,34,,,,,,,0,,FERTILIZER & CHEMICAL TOTALS,FERTILIZER & CHEMICAL TOTALS - OPERATIONS WITH EXPENSE,TOTAL,NOT SPECIFIED,6721,
CENSUS,2007,YEAR,,STATE,NEW MEXICO,35,,,,,,,0,,FERTILIZER & CHEMICAL TOTALS,"FERTILIZER & CHEMICAL TOTALS - EXPENSE, MEASURED IN $",TOTAL,NOT SPECIFIED,87642000,
CENSUS,2007,YEAR,,STATE,NEW MEXICO,35,,,,,,,0,,FERTILIZER & CHEMICAL TOTALS,FERTILIZER & CHEMICAL TOTALS - OPERATIONS WITH EXPENSE,TOTAL,NOT SPECIFIED,7709,
CENSUS,2007,YEAR,,STATE,NEW YORK,36,,,,,,,0,,FERTILIZER & CHEMICAL TOTALS,"FERTILIZER & CHEMICAL TOTALS - EXPENSE, MEASURED IN $",TOTAL,NOT SPECIFIED,276630000,
CENSUS,2007,YEAR,,STATE,NEW YORK,36,,,,,,,0,,FERTILIZER & CHEMICAL TOTALS,FERTILIZER & CHEMICAL TOTALS - OPERATIONS WITH EXPENSE,TOTAL,NOT SPECIFIED,18956,
CENSUS,2007,YEAR,,STATE,NORTH CAROLINA,37,,,,,,,0,,FERTILIZER & CHEMICAL TOTALS,"FERTILIZER & CHEMICAL TOTALS - EXPENSE, MEASURED IN $",TOTAL,NOT SPECIFIED,604960000,
CENSUS,2007,YEAR,,STATE,NORTH CAROLINA,37,,,,,,,0,,FERTILIZER & CHEMICAL TOTALS,FERTILIZER & CHEMICAL TOTALS - OPERATIONS WITH EXPENSE,TOTAL,NOT SPECIFIED,36840,
CENSUS,2007,YEAR,,STATE,NORTH DAKOTA,38,,,,,,,0,,FERTILIZER & CHEMICAL TOTALS,"FERTILIZER & CHEMICAL TOTALS - EXPENSE, MEASURED IN $",TOTAL,NOT SPECIFIED,1102970000,
CENSUS,2007,YEAR,,STATE,NORTH DAKOTA,38,,,,,,,0,,FERTILIZER & CHEMICAL TOTALS,FERTILIZER & CHEMICAL TOTALS - OPERATIONS WITH EXPENSE,TOTAL,NOT SPECIFIED,18701,
CENSUS,2007,YEAR,,STATE,OHIO,39,,,,,,,0,,FERTILIZER & CHEMICAL TOTALS,"FERTILIZER & CHEMICAL TOTALS - EXPENSE, MEASURED IN $",TOTAL,NOT SPECIFIED,909970000,
CENSUS,2007,YEAR,,STATE,OHIO,39,,,,,,,0,,FERTILIZER & CHEMICAL TOTALS,FERTILIZER & CHEMICAL TOTALS - OPERATIONS WITH EXPENSE,TOTAL,NOT SPECIFIED,47317,
CENSUS,2007,YEAR,,STATE,OKLAHOMA,40,,,,,,,0,,FERTILIZER & CHEMICAL TOTALS,"FERTILIZER & CHEMICAL TOTALS - EXPENSE, MEASURED IN $",TOTAL,NOT SPECIFIED,377088000,
CENSUS,2007,YEAR,,STATE,OKLAHOMA,40,,,,,,,0,,FERTILIZER & CHEMICAL TOTALS,FERTILIZER & CHEMICAL TOTALS - OPERATIONS WITH EXPENSE,TOTAL,NOT SPECIFIED,45128,
CENSUS,2007,YEAR,,STATE,OREGON,41,,,,,,,0,,FERTILIZER & CHEMICAL TOTALS,"FERTILIZER & CHEMICAL TOTALS - EXPENSE, MEASURED IN $",TOTAL,NOT SPECIFIED,411331000,
CENSUS,2007,YEAR,,STATE,OREGON,41,,,,,,,0,,FERTILIZER & CHEMICAL TOTALS,FERTILIZER & CHEMICAL TOTALS - OPERATIONS WITH EXPENSE,TOTAL,NOT SPECIFIED,23740,
CENSUS,2007,YEAR,,STATE,PENNSYLVANIA,42,,,,,,,0,,FERTILIZER & CHEMICAL TOTALS,"FERTILIZER & CHEMICAL TOTALS - EXPENSE, MEASURED IN $",TOTAL,NOT SPECIFIED,317129000,
CENSUS,2007,YEAR,,STATE,PENNSYLVANIA,42,,,,,,,0,,FERTILIZER & CHEMICAL TOTALS,FERTILIZER & CHEMICAL TOTALS - OPERATIONS WITH EXPENSE,TOTAL,NOT SPECIFIED,36960,
CENSUS,2007,YEAR,,STATE,RHODE ISLAND,44,,,,,,,0,,FERTILIZER & CHEMICAL TOTALS,"FERTILIZER & CHEMICAL TOTALS - EXPENSE, MEASURED IN $",TOTAL,NOT SPECIFIED,4617000,
CENSUS,2007,YEAR,,STATE,RHODE ISLAND,44,,,,,,,0,,FERTILIZER & CHEMICAL TOTALS,FERTILIZER & CHEMICAL TOTALS - OPERATIONS WITH EXPENSE,TOTAL,NOT SPECIFIED,749,
CENSUS,2007,YEAR,,STATE,SOUTH CAROLINA,45,,,,,,,0,,FERTILIZER & CHEMICAL TOTALS,"FERTILIZER & CHEMICAL TOTALS - EXPENSE, MEASURED IN $",TOTAL,NOT SPECIFIED,217338000,
CENSUS,2007,YEAR,,STATE,SOUTH CAROLINA,45,,,,,,,0,,FERTILIZER & CHEMICAL TOTALS,FERTILIZER & CHEMICAL TOTALS - OPERATIONS WITH EXPENSE,TOTAL,NOT SPECIFIED,15529,
CENSUS,2007,YEAR,,STATE,SOUTH DAKOTA,46,,,,,,,0,,FERTILIZER & CHEMICAL TOTALS,"FERTILIZER & CHEMICAL TOTALS - EXPENSE, MEASURED IN $",TOTAL,NOT SPECIFIED,781880000,
CENSUS,2007,YEAR,,STATE,SOUTH DAKOTA,46,,,,,,,0,,FERTILIZER & CHEMICAL TOTALS,FERTILIZER & CHEMICAL TOTALS - OPERATIONS WITH EXPENSE,TOTAL,NOT SPECIFIED,20097,
CENSUS,2007,YEAR,,STATE,TENNESSEE,47,,,,,,,0,,FERTILIZER & CHEMICAL TOTALS,"FERTILIZER & CHEMICAL TOTALS - EXPENSE, MEASURED IN $",TOTAL,NOT SPECIFIED,428115000,
CENSUS,2007,YEAR,,STATE,TENNESSEE,47,,,,,,,0,,FERTILIZER & CHEMICAL TOTALS,FERTILIZER & CHEMICAL TOTALS - OPERATIONS WITH EXPENSE,TOTAL,NOT SPECIFIED,47952,
CENSUS,2007,YEAR,,STATE,TEXAS,48,,,,,,,0,,FERTILIZER & CHEMICAL TOTALS,"FERTILIZER & CHEMICAL TOTALS - EXPENSE, MEASURED IN $",TOTAL,NOT SPECIFIED,1423640000,
CENSUS,2007,YEAR,,STATE,TEXAS,48,,,,,,,0,,FERTILIZER & CHEMICAL TOTALS,FERTILIZER & CHEMICAL TOTALS - OPERATIONS WITH EXPENSE,TOTAL,NOT SPECIFIED,122158,
CENSUS,2007,YEAR,,STATE,UTAH,49,,,,,,,0,,FERTILIZER & CHEMICAL TOTALS,"FERTILIZER & CHEMICAL TOTALS - EXPENSE, MEASURED IN $",TOTAL,NOT SPECIFIED,48668000,
CENSUS,2007,YEAR,,STATE,UTAH,49,,,,,,,0,,FERTILIZER & CHEMICAL TOTALS,FERTILIZER & CHEMICAL TOTALS - OPERATIONS WITH EXPENSE,TOTAL,NOT SPECIFIED,8783,
CENSUS,2007,YEAR,,STATE,VERMONT,50,,,,,,,0,,FERTILIZER & CHEMICAL TOTALS,"FERTILIZER & CHEMICAL TOTALS - EXPENSE, MEASURED IN $",TOTAL,NOT SPECIFIED,25427000,
CENSUS,2007,YEAR,,STATE,VERMONT,50,,,,,,,0,,FERTILIZER & CHEMICAL TOTALS,FERTILIZER & CHEMICAL TOTALS - OPERATIONS WITH EXPENSE,TOTAL,NOT SPECIFIED,3030,
CENSUS,2007,YEAR,,STATE,VIRGINIA,51,,,,,,,0,,FERTILIZER & CHEMICAL TOTALS,"FERTILIZER & CHEMICAL TOTALS - EXPENSE, MEASURED IN $",TOTAL,NOT SPECIFIED,265385000,
CENSUS,2007,YEAR,,STATE,VIRGINIA,51,,,,,,,0,,FERTILIZER & CHEMICAL TOTALS,FERTILIZER & CHEMICAL TOTALS - OPERATIONS WITH EXPENSE,TOTAL,NOT SPECIFIED,28458,
CENSUS,2007,YEAR,,STATE,WASHINGTON,53,,,,,,,0,,FERTILIZER & CHEMICAL TOTALS,"FERTILIZER & CHEMICAL TOTALS - EXPENSE, MEASURED IN $",TOTAL,NOT SPECIFIED,698142000,
CENSUS,2007,YEAR,,STATE,WASHINGTON,53,,,,,,,0,,FERTILIZER & CHEMICAL TOTALS,FERTILIZER & CHEMICAL TOTALS - OPERATIONS WITH EXPENSE,TOTAL,NOT SPECIFIED,21102,
CENSUS,2007,YEAR,,STATE,WEST VIRGINIA,54,,,,,,,0,,FERTILIZER & CHEMICAL TOTALS,"FERTILIZER & CHEMICAL TOTALS - EXPENSE, MEASURED IN $",TOTAL,NOT SPECIFIED,25418000,
CENSUS,2007,YEAR,,STATE,WEST VIRGINIA,54,,,,,,,0,,FERTILIZER & CHEMICAL TOTALS,FERTILIZER & CHEMICAL TOTALS - OPERATIONS WITH EXPENSE,TOTAL,NOT SPECIFIED,11074,
CENSUS,2007,YEAR,,STATE,WISCONSIN,55,,,,,,,0,,FERTILIZER & CHEMICAL TOTALS,"FERTILIZER & CHEMICAL TOTALS - EXPENSE, MEASURED IN $",TOTAL,NOT SPECIFIED,758543000,
CENSUS,2007,YEAR,,STATE,WISCONSIN,55,,,,,,,0,,FERTILIZER & CHEMICAL TOTALS,FERTILIZER & CHEMICAL TOTALS - OPERATIONS WITH EXPENSE,TOTAL,NOT SPECIFIED,46974,
CENSUS,2007,YEAR,,STATE,WYOMING,56,,,,,,,0,,FERTILIZER & CHEMICAL TOTALS,"FERTILIZER & CHEMICAL TOTALS - EXPENSE, MEASURED IN $",TOTAL,NOT SPECIFIED,43589000,
CENSUS,2007,YEAR,,STATE,WYOMING,56,,,,,,,0,,FERTILIZER & CHEMICAL TOTALS,FERTILIZER & CHEMICAL TOTALS - OPERATIONS WITH EXPENSE,TOTAL,NOT SPECIFIED,4426,
